original_name,inci_name,cas_number,type
hc blue no. 2,HC Blue No. 2,,
silicone quaternium-22,Quaternium-22,,
dimethiconol,Dimethiconol,,E
cedrus atlantica wood oil,Cedrus Atlantica Wood Oil,,E
olea europaea leaf extract,Olea Europaea (Olive) Leaf Extract,,
hydrolysed silk protein,Hydrolyzed Silk Protein,,P
butyrospermum parkii butter,Butyrospermum Parkii (Shea) Butter,,E
bis cetearyl amodimethicone,Bis-Cetearyl Amodimethicone,,E
octyldodecanol,Octyldodecanol,,E
behentrimonium chloride,Behentrimonium Chloride,,
butyrospermumparkii butter,Butyrospermum Parkii (Shea) Butter,,E
cocos nucifera oil,Cocos Nucifera (Coconut) Oil,,E
biotinoyl tripeptide-1,Biotinoyl Tripeptide-1,,P
dextran,Dextran,,H
a scorbyl glucoside,Ascorbyl Glucoside,,
eugenia caryophyllus leaf oil,Eugenia Caryophyllus (Clove) Leaf Oil,,E
stearyl alcohol,Stearyl Alcohol,,E
ceateryl alcohol,Cetearyl Alcohol,,E
alpha-isomethyl ionone,Alpha-Isomethyl Ionone,,
sodium lignosulfonate,Sodium Lignosulfonate,,
sodium lauroyl glutamate,Sodium Lauroyl Glutamate,,
coco-glucoside,Coco-Glucoside,,
fructose,Fructose,57-48-7,H
polyquaternium-37,Polyquaternium-37,,
citrus grandis peel oil,Citrus Grandis (Grapefruit) Peel Oil,,E
benzyl benzoate,Benzyl Benzoate,120-51-4,
pca glyceryl oleate,PCA Glyceryl Oleate,,E
inulin,Inulin,,H
1.2-hexanediol,"1,2-Hexanediol",107-22-2,
sodium glutamate,Sodium Glutamate,142-47-2,
prunus armeniaca kernel oil,Prunus Armeniaca (Apricot) Kernel Oil,,E
spiraea ulmaria flower extract,Spiraea Ulmaria Flower Extract,,
kigellia africana fruit extract,Kigelia Africana Fruit Extract,,
biosaccharide gum-1,Biosaccharide Gum-1,,H
glycerin,Glycerin,56-81-5,H
polyglyceryl-10 laurate,Polyglyceryl-10 Laurate,,E
hydrogenated starch hydrolysate,Hydrogenated Starch Hydrolysate,,H
malus domestica fruit cell culture extract,Malus Domestica Fruit Cell Culture Extract,,
c12-13 pareth-3,C12-13 Pareth-3,,E
nymphaea alba flower extract,Nymphaea Alba Flower Extract,,
cetyl esters,Cetyl Esters,,E
arctium lappa extract,Arctium Lappa Root Extract,,
citronallol,Citronellol,106-22-9,
bioflavonoids,Bioflavonoids,,
peg/ppg-18/18 dimethicone,PEG/PPG-18/18 Dimethicone,,E
disperse violet 1,Disperse Violet 1,,
amaranthus caudatus seed extract,Amaranthus Caudatus Seed Extract,,
pseudozyma epicola/argania spinosa kernel oil ferment filtrate,Pseudozyma Epicola/Argania Spinosa Kernel Oil Ferment Filtrate,,
vitamin e,Tocopherol,10191-41-0,E
glutamic acid,Glutamic Acid,56-86-0,P
tetrasodium edta,Tetrasodium EDTA,64-02-8,
pisum sativum peptide,Pisum Sativum Peptide,,P
d-limonene,D-Limonene,5989-27-5,
dibutyl adipate,Dibutyl Adipate,105-99-7,E
cetyl palmitate,Cetyl Palmitate,110-27-0,E
citrus limon peel oil,Citrus Limon Peel Oil,,
myristic acid,Myristic Acid,544-63-8,E
simmondsia chinensis oil,Simmondsia Chinensis Oil,8006-25-7,E
cetyl trimethyl ammonium chloride,Cetrimonium Chloride,112-02-7,
hydrolyzed jojoba,Hydrolyzed Jojoba Esters,,E
glycine soja oil / soybean oil,Glycine Soja Oil,8001-22-7,E
ethyl olivate,Ethyl Olivate,68937-75-6,E
laurdimonium hydroxypropyl hydrolyzed wheat starch,Laurdimonium Hydroxypropyl Hydrolyzed Wheat Starch,,
squalane,Squalane,111-01-3,E
gossypium herbaceum seed oil,Gossypium Herbaceum Seed Oil,8001-29-4,E
undecyl alcohol,Undecyl Alcohol,112-42-8,E
jasmin extract,Jasminum Officinale Extract,,
allium cepa extract,Allium Cepa Extract,,
c13-14 isoparaffin,C13-14 Isoparaffin,68037-02-1,E
hydrolyzed caesalpinia spinosa gum,Hydrolyzed Caesalpinia Spinosa Gum,,
solanum tuberosum starch,Solanum Tuberosum Starch,9005-25-8,
lanolin,Lanolin,8006-84-3,E
myristyl alcohol,Myristyl Alcohol,112-40-3,E
saccharomyces/xylinum/green tea ferment,Saccharomyces/Xylinum/Camellia Sinensis Ferment Filtrate,,
amodimethicone,Amodimethicone,142681-07-1,
triticum vulgare bran extract,Triticum Vulgare Bran Extract,,
isoamyl laurate,Isoamyl Laurate,111-81-5,E
spirulina maxima extract,Spirulina Maxima Extract,,
mangifera indica seed oil,Mangifera Indica Seed Oil,8024-22-8,E
amino acid,Amino Acids,,P
hibiscus milk,Hibiscus Sabdariffa Flower Extract,,
quaternium-95,Quaternium-95,68424-85-1,
prunus amygdalus dulcis seed extract,Prunus Amygdalus Dulcis Seed Extract,,
threonine,Threonine,72-19-5,P
linolenic acid,Linolenic Acid,471-18-5,E
butyloctanol,2-Octyldodecanol,20426-65-1,E
lauryl peg/ppg-18/18 methicone,Laureth-18,,E
hydrolyzed quinoa,Hydrolyzed Quinoa,,P
squalene,Squalene,111-02-4,E
rubus fruticosus fruit extract,Rubus Fruticosus Fruit Extract,,
sodium lauroyl sarcosinate,Sodium Lauroyl Sarcosinate,137-16-6,
rosa damascena flower oil,Rosa Damascena Flower Oil,,E
triticum vulgare germ extract,Triticum Vulgare Germ Extract,,
xanthan gum lactic acid,Xanthan Gum,11138-66-2,
polyglyceryl-3 methylglucose distearate,Polyglyceryl-3 Methylglucose Distearate,,E
cetyl esthers,Cetyl Esters,,E
trideceth-12,Trideceth-12,68455-50-7,E
ceteareth-20,Ceteareth-20,68131-37-2,E
isopentyldiol,Isopentyldiol,6309-06-1,
stearamidopropyl dimethylamine,Stearamidopropyl Dimethylamine,61789-28-0,
ammonium acryloyldimethyltaurate/ vp copolymer,Ammonium Acryloyldimethyltaurate/VP Copolymer,,
tropaeolum majus flower extract,Tropaeolum Majus Flower Extract,,
histidine,Histidine,71-00-1,P
aqua,Aqua,7732-18-5,
ci 19140,CI 19140,,
lavandula angustifolia oil,Lavandula Angustifolia Oil,,E
xylitylglucoside,Xylitylglucoside,85599-97-9,H
methionine,Methionine,63-68-3,P
parfum,Parfum,,
propylheptyl caprylate,Propylheptyl Caprylate,68553-74-9,E
diazolidinyl urea,Diazolidinyl Urea,118-52-5,
limnanthes alba seed oil,Limnanthes Alba Seed Oil,,E
phytantriol,Phytantriol,7310-70-9,E
polyester-11,Polyester-11,,E
1.2- hexanediol,"1,2-Hexanediol",624-90-3,
sodium benzoate,Sodium Benzoate,532-32-1,
cinnamyl alcohol,Cinnamyl Alcohol,104-54-1,E
mentha piperita oil,Mentha Piperita Oil,,E
eugenol,Eugenol,97-53-0,E
hydroxypropyltrimonium hydrolyzed wheat protein,Hydrolyzed Wheat Protein,,P
propane,Propane,74-98-6,
juglans regia seedcoat extract,Juglans Regia Seedcoat Extract,,
jasminum officinale flower extract,Jasminum Officinale Flower Extract,,
persea gratissima oil,Persea Gratissima Oil,,E
polyglyceryl-3 caprate,Polyglyceryl-3 Caprate,,E
mannitol,Mannitol,69-65-8,H
tamarindus indica fruit extract,Tamarindus Indica Fruit Extract,,
malva sylvestris flower/leaf extract,Malva Sylvestris Flower/Leaf Extract,,
silica,Silica,7631-86-9,
pseudozyma epicola/argania spinosa kernel oil/camellia japonica seed oil/camellia sinensis seed oil/sunflower seed oil/sweet almond oil ferment extract filtrate,Pseudozyma Epicola/Argania Spinosa Kernel Oil/Camellia Japonica Seed Oil/Camellia Sinensis Seed Oil/Helianthus Annuus Seed Oil/Prunus Amygdalus Dulcis Oil Ferment Filtrate,,
betula alba leaf extract,Betula Alba Leaf Extract,,
tocopheryl acetate,Tocopheryl Acetate,7696-90-2,E
bellis perennis flower extract,Bellis Perennis Flower Extract,,
ptychopetalum olacoides bark/stem extract,Ptychopetalum Olacoides Bark/Stem Extract,,
tilia cordata leaf extract,Tilia Cordata Leaf Extract,,
beta sitosterol,Beta-Sitosterol,83-46-5,E
hydrolyzed wheat bran,Hydrolyzed Wheat Bran,,P
lavandula spica flower oil,Lavandula Spica Flower Oil,,E
urtica dioica root extract,Urtica Dioica Root Extract,,
theobroma cacao seed butter,Theobroma Cacao Seed Butter,,E
sodium lactate,Sodium Lactate,72-17-3,H
capryloyl glycerin/sebacic acid copolymer,Capryloyl Glycerin/Sebacic Acid Copolymer,,E
polyglyceryl-2 stearate,Polyglyceryl-2 Stearate,,E
hydrolyzed adansonia digitata seed extract,Hydrolyzed Adansonia Digitata Seed Extract,,P
citrus limon fruit extract,Citrus Limon Fruit Extract,,
hydroxypropyl guar hydroxypropyltrimonium chloride,Hydroxypropyl Guar Hydroxypropyltrimonium Chloride,,
orbignya speciosa kernel oil,Orbignya Speciosa Kernel Oil,,E
bha,BHA,614-71-4,
oleyl alcohol,Oleyl Alcohol,143-28-2,E
caprylic acid,Caprylic Acid,502-61-0,E
equesetum arvense extract,Equisetum Arvense Extract,,
ethyl lauroyl arginate hcl,Ethyl Lauroyl Arginate HCl,,
vaccinium myrtillus fruit extract,Vaccinium Myrtillus Fruit Extract,,
isoamyl cocate,Isoamyl Cocoate,,E
camellia sinensis leaf extract,Camellia Sinensis Leaf Extract,,
peg-180 elaeis guineensis oil / palm oil,PEG-180 Elaeis Guineensis Oil,,E
mentha spicata herb oil,Mentha Spicata Herb Oil,,E
cymbopogon flexuosus oil,Cymbopogon Flexuosus Oil,,E
ci 16255,CI 16255,,
hydrogenated olive oil unsaponifiables,Hydrogenated Olive Oil Unsaponifiables,,E
sucrose,Sucrose,57-50-1,H
rosa damascena flower extract,Rosa Damascena Flower Extract,,
ci 14720,CI 14720,,
tripelargonin,Tripelargonin,,
pentylene glycol,Pentylene Glycol,107-21-1,H
malva sylvestris extract,Malva Sylvestris Extract,,
hydroxypropyltrimonium honey,Hydroxypropyltrimonium Honey,,
elaeis guineensis seed oil,Elaeis Guineensis Seed Oil,,E
pentaerythrityl tetra-di-t-butyl hydroxyhydrocinnamate,Pentaerythrityl Tetra-Di-t-Butyl Hydroxyhydrocinnamate,66172-72-6,
aniba rosaeodora oil,Aniba Rosaeodora Oil,,E
musa paradisiaca fruit juice / banana fruit juice,Musa Paradisiaca Fruit Juice,,
salvia officinalis flower/leaf/stem extract,Salvia Officinalis Flower/Leaf/Stem Extract,,
triheptanoin,Triheptanoin,25323-87-3,E
camellia oleifera seed oil,Camellia Oleifera Seed Oil,,E
hydrolyzed verbascum thapsus flower,Hydrolyzed Verbascum Thapsus Flower,,P
dicaprylyl carbonate,Dicaprylyl Carbonate,110-43-0,E
tocopherol oil,Tocopherol,10191-41-0,E
babassu glycereth-8 esters,Babassu Glycereth-8 Esters,,E
benzoic acid,Benzoic Acid,65-85-0,
alcohol denatparfum,Alcohol Denat.,,
salvia hispanica seed oil,Salvia Hispanica Seed Oil,,E
bambusa vulgaris leaf extract,Bambusa Vulgaris Leaf Extract,,
babassu oil glycereth-8 esters,Babassu Oil Glycereth-8 Esters,,E
cocos nucifera fruit extract,Cocos Nucifera Fruit Extract,,
lauryl alcohol,Lauryl Alcohol,112-53-8,E
molasses,Molasses,,
passiflora incarnata flower extract,Passiflora Incarnata Flower Extract,,
ppg-2 methyl ether,PPG-2 Methyl Ether,,E
camellia chinensis extract,Camellia Chinensis Extract,,
decyl glucoside,Decyl Glucoside,68515-73-1,
polyglyceryl-3 betainate malate,Polyglyceryl-3 Betainate Malate,,
hydrolyzed sweet almond protein,Hydrolyzed Sweet Almond Protein,,P
hydrolysed wheatprotein,Hydrolyzed Wheat Protein,,P
hydrolyzed vegetable protein,Hydrolyzed Vegetable Protein,,P
fragaria ananassa fruit extract,Fragaria Ananassa Fruit Extract,,
ceramide np,Ceramide NP,,E
hydroxyacetophenone,Hydroxyacetophenone,99-93-4,
sal maris,Sea Salt,,
trisodium hedta,Trisodium EDTA,60-00-4,
benzyl alcohol,Benzyl Alcohol,100-51-6,
opuntia ficus-indica extract,Opuntia Ficus-Indica Extract,,
myristyl myristate,Myristyl Myristate,6215-65-7,E
aloe vera gel,Aloe Barbadensis Leaf Juice,,H
polyglyceryl-3 dicitrate/stearate,Polyglyceryl-3 Dicitrate/Stearate,,E
phenoxyethanol,Phenoxyethanol,122-99-6,
hydroxycitronellal,Hydroxycitronellal,107-75-5,
pyridoxine hci,Pyridoxine HCl,58-56-0,
prunus persica fruit extract,Prunus Persica (Peach) Fruit Extract,,
avena sativa kernel extract / oat kernel extract,Avena Sativa (Oat) Kernel Extract,,
hyaluronic acid,Sodium Hyaluronate,9067-32-7,H
pca,Sodium PCA,7681-17-2,H
polysorbate 80,Polysorbate 80,9005-65-6,
basic brown 17,Basic Brown 17,,
helianthus annuus seed oil / sunflower seed oil,Helianthus Annuus (Sunflower) Seed Oil,8008-96-7,E
lauryl phenylisopropyl methicone,Lauryl Phenyl Isopropyl Methicone,,E
lisine,Lysine,56-87-1,P
linum usitatissimum seed extract,Linum Usitatissimum (Linseed) Seed Extract,,
hydrolyzed grape fruit,Hydrolyzed Citrus Grandis (Grapefruit) Protein,,P
bentonite,Bentonite,1302-78-9,
coco- caprylate/caprate,Coco-Caprylate/Caprate,,E
meadowfoam estolide,Limnanthes Alba (Meadowfoam) Seed Oil Estolide,,E
peg- 8,PEG-8,,
citrus paradisi peel oil,Citrus Paradisi (Grapefruit) Peel Oil,,
dicetyldimonium chloride,Dicetyldimonium Chloride,61789-21-6,
isopropyl myristate,Isopropyl Myristate,110-27-0,E
sodium cocyl glutamate,Sodium Cocoyl Glutamate,,
avena sativa kernel extract,Avena Sativa (Oat) Kernel Extract,,
ci 17200,CI 17200,,
oleanolic acid,Oleanolic Acid,508-02-1,
bis-diisopropanolamino-pg-propyl dimethicone/bis-isobutyl peg-14 copolymer,Bis-Diisopropanolamino-PG-Propyl Dimethicone/Bis-Isobutyl PEG-14 Copolymer,,E
paeonia officinalis flower extract,Paeonia Officinalis Flower Extract,,
citrus nobilis peel oil,Citrus Nobilis (Mandarin Orange) Peel Oil,,
amyl cinnamal,Amyl Cinnamal,122-40-7,
acid violet 43,Acid Violet 43,,
vaccinium vitis-idaea fruit extract,Vaccinium Vitis-Idaea (Lingonberry) Fruit Extract,,
diisostearyl malate,Diisostearyl Malate,55444-55-1,E
prunus amygdalus dulcis fruit extract,Prunus Amygdalus Dulcis (Sweet Almond) Fruit Extract,,
glycine,Glycine,56-40-6,P
cetyl alcohol,Cetyl Alcohol,36653-82-4,E
algin,Sodium Alginate,9005-38-3,H
coco-caprylate/caprate,Coco-Caprylate/Caprate,,E
tartaric acid,Tartaric Acid,87-69-4,
zingiber officinalis root extract,Zingiber Officinale (Ginger) Root Extract,,
sulfated castor oil,Sodium Castorate Sulfate,,
glycerine,Glycerin,56-81-5,H
isoleucine,Isoleucine,73-32-5,P
centella asiatica extract,Centella Asiatica Extract,,
ascorbyl palmitate,Ascorbyl Palmitate,137-86-8,
hexylene glycol,Hexylene Glycol,107-31-7,H
maltitol,Maltitol,585-88-6,H
ethylhexyl cocoate,Ethylhexyl Cocoate,110-38-5,E
hydrolyzed hemp seed extract,Hydrolyzed Hemp Seed Extract,,P
citrus junos fruit extract,Citrus Junos Fruit Extract,,
palmitoyl myristyl serinate,Palmitoyl Myristyl Serinate,,P
rosmarinus officinalis leaf extract,Rosmarinus Officinalis Leaf Extract,,
camelia sinensis leaf extract,Camellia Sinensis Leaf Extract,,
sodium dehydroacetate,Sodium Dehydroacetate,6108-09-9,
vegetable oil,Vegetable Oil,,E
sorbic acid,Sorbic Acid,110-44-1,
pcacetrimonium chloride,Cetrimonium Chloride,112-02-7,
camellia sinensis seed oil,Camellia Sinensis Seed Oil,,E
salvia officinalis extract,Salvia Officinalis Extract,,
hydrogenated vegetable oil,Hydrogenated Vegetable Oil,,E
tetrasodium glutamate diacetate,Tetrasodium Glutamate Diacetate,136685-76-2,
helianthus annus seed extract,Helianthus Annuus Seed Extract,,
bis-aminopropyl diglycol dimaleate,Bis-Aminopropyl Diglycol Dimaleate,,
brassicamidopropyl dimethylamine,Brassicamidopropyl Dimethylamine,,
sodium cocoyl hydrolyzed royal jelly,Sodium Cocoyl Hydrolyzed Royal Jelly,,P
butylene glycol,Butylene Glycol,107-88-0,H
glyceryl oleate,Glyceryl Oleate,25496-72-4,E
helianthus annuus seed oil,Helianthus Annuus Seed Oil,8008-24-14,E
grapefruit seed extract,Grapefruit Seed Extract,,
polyacrylamide,Polyacrylamide,9003-05-8,
cetrimonium chloride,Cetrimonium Chloride,112-02-7,
punica granatum extract,Punica Granatum Extract,,
fragrance,Parfum,,
behenyl/stearyl aminopropanediol esters,Behenyl/Stearyl Aminopropanediol Esters,,E
urtica dioica leaf extract,Urtica Dioica Leaf Extract,,
amaranthus caudatus seed oil,Amaranthus Caudatus Seed Oil,,E
lauryl lactate,Lauryl Lactate,1323-39-3,E
glyceryl caprylate,Glyceryl Caprylate,25496-72-4,E
acorus calamus rhizome extract,Acorus Calamus Rhizome Extract,,
dipterocarpus turbinatus oil,Dipterocarpus Turbinatus Oil,,E
brassica oleracea italica seed oil,Brassica Oleracea Italica Seed Oil,,E
phenyl trimethicone,Phenyl Trimethicone,94631-44-5,E
ethylhexylglyerin,Ethylhexylglycerin,102-60-3,
helianthus annus officinalis flos extract,Helianthus Annuus Flower Extract,,
alanine,Alanine,56-41-7,P
urtica dioica seed oil,Urtica Dioica Seed Oil,,E
citrus limon peel extract,Citrus Limon Peel Extract,,
limonene,Limonene,5989-27-5,
cetyl ethylhexanoate,Cetyl Ethylhexanoate,106-72-0,E
sodium chloride,Sodium Chloride,7647-14-5,
citrus grandis seed extract,Citrus Grandis Seed Extract,,
tocopheryl linoleate/oleate,Tocopheryl Linoleate/Oleate,,E
saberry,,,
barosma betulina leaf extract,Barosma Betulina Leaf Extract,,
morinda citrifolia fruit extract,Morinda Citrifolia Fruit Extract,,
dehydroacetic acid,Dehydroacetic Acid,520-34-3,
sodium hyaluronate crosspolymer,Sodium Hyaluronate Crosspolymer,,H
cinnamomum camphora bark oil,Cinnamomum Camphora Bark Oil,,E
glyceryl stearate citrate,Glyceryl Stearate Citrate,,E
citrus aurantifolia oil,Citrus Aurantifolia Oil,,E
soluble collagen,Soluble Collagen,,P
polyglyceryl-6 behenate,Polyglyceryl-6 Behenate,,E
zingiber officinale root extract,Zingiber Officinale Root Extract,,
carum petroselinum extract,Carum Petroselinum Extract,,
peg-7,PEG-7,,
trigonella foenum extract,Trigonella Foenum-graecum Extract,,
maltooligosyl glucoside,Maltooligosyl Glucoside,,H
gluceryl laurate,Glyceryl Laurate,,E
tocopherol,Tocopherol,,E
linoleic acid,Linoleic Acid,60-33-3,E
propolis extract,Propolis Extract,,
hydroxypropyltrimonium hydrolyzed casein,Hydroxypropyltrimonium Hydrolyzed Casein,,P
schinus terebinthifolia seed extract,Schinus Terebinthifolia Seed Extract,,
aleurites moluccana,Aleurites Moluccana Seed Oil,,E
d-panthenol,Panthenol,81-13-0,H
sodium cetearyl sulfate,Sodium Cetearyl Sulfate,,
aspartic acid,Aspartic Acid,56-84-8,P
cholesterol,Cholesterol,57-88-5,E
morinda citrifolia fruit juice,Morinda Citrifolia Fruit Juice,,
laureth-9,Laureth-9,,E
salvia sclarea oil,Salvia Sclarea Oil,,E
basic red 51,Basic Red 51,,
cocos nucifera water,Cocos Nucifera Water,,H
parfum/fragrance,Parfum/Fragrance,,
triticum vulgare germ oil,Triticum Vulgare Germ Oil,,E
persea gratissima butter,Persea Gratissima Oil,,E
astragalus membranaceus root extract,Astragalus Membranaceus Root Extract,,
bis-diisopropanolamino-pg-propyl disiloxane/bis-vinyl dimethicone copolymer,Bis-Diisopropanolamino-PG-Propyl Disiloxane/Bis-Vinyl Dimethicone Copolymer,,E
xylitol,Xylitol,87-99-0,H
pfaffia paniculata root extract,Pfaffia Paniculata Root Extract,,
distearoylethyl dimonium chloride,Distearoylethyl Dimonium Chloride,,
trigonella foenum-graecum seed extract,Trigonella Foenum-graecum Seed Extract,,
poloxamer 407,Poloxamer 407,9003-11-6,
betaine,Betaine,107-43-7,H
calendula officinalis flower extract,Calendula Officinalis Flower Extract,,
arnica montana flower extract,Arnica Montana Flower Extract,,
hydrolyzed milk protein,Hydrolyzed Milk Protein,,P
coumarin,Coumarin,91-64-5,
edta,Disodium EDTA,60-00-4,
trigonella foenum-graecum extract,Trigonella Foenum-graecum Extract,,
mel extract,Mel Extract,,
calcium gluconate,Calcium Gluconate,299-28-5,
coco-caprate/caprate,Coco-Caprylate/Caprate,,E
amber powder,Amber Powder,,
macadamia seed oil polyglyceryl-4 esters,Macadamia Ternifolia Seed Oil Polyglyceryl-4 Esters,,E
butyrospermum parkii,Butyrospermum Parkii Butter,,E
citrus aurantium bergamia fruit oil,Citrus Aurantium Bergamia Fruit Oil,,E
caffeine,Caffeine,58-08-2,
acetyl tetrapeptide-3,Acetyl Tetrapeptide-3,,
hydrolyzed glycosaminoglycans,Hydrolyzed Glycosaminoglycans,,
dipropylene glycol,Dipropylene Glycol,110-98-5,H
palmaria palmata extract,Palmaria Palmata Extract,,
cedrus atlantica bark oil,Cedrus Atlantica Bark Oil,,E
dodecene,Dodecene,1124-28-5,E
sorbitan olivate,Sorbitan Olivate,,E
olea europaea fruit oil,Olea Europaea (Olive) Fruit Oil,8001-25-0,E
ethylhexylglycerin,Ethylhexylglycerin,70445-60-1,
lactic acid,Lactic Acid,50-21-5,H
triticium vulgare gem extract,Triticum Vulgare (Wheat) Germ Extract,,
passiflora incarnata extract,Passiflora Incarnata Extract,,
hydrolyzed albumen,Hydrolyzed Albumen,,P
nasturtium officinale leaf/stem extract,Nasturtium Officinale Leaf/Stem Extract,,
olus oil,Olus Oil,,E
camomilla recutita flower extract,Chamomilla Recutita (Matricaria) Flower Extract,,
serine,Serine,56-45-1,P
alpha-glucan oligosaccharide,Alpha-Glucan Oligosaccharide,,H
prunus domestica seed oil,Prunus Domestica Seed Oil,,E
menthol,Menthol,134-86-3,
ppg-3 benzyl ether myristate,PPG-3 Benzyl Ether Myristate,,E
cetearyl glucoside,Cetearyl Glucoside,11043-05-3,E
hydrolyzed corn protein,Hydrolyzed Corn Protein,,P
hamamelis virginiana leaf extract,Hamamelis Virginiana (Witch Hazel) Leaf Extract,,
trigonella foenum-graecum seed oil,Trigonella Foenum-Graecum Seed Oil,,E
cetearyl nonanoate,Cetearyl Nonanoate,61789-65-5,E
passiflora edulis seed oil,Passiflora Edulis Seed Oil,,E
cymbopogon martinii oil,Cymbopogon Martini Oil,,E
prunus armeniaca fruit extract,Prunus Armeniaca (Apricot) Fruit Extract,,
hydrolyzed walnut extract,Hydrolyzed Walnut Extract,,
peg-8/smdi copolymer,PEG-8/SMDI Copolymer,,
glyceryl undecylenate,Glyceryl Undecylenate,2461-89-2,E
butyrospermum parkii butter / shea butter,Butyrospermum Parkii (Shea) Butter,84591-19-9,E
ethyl macadamiate,Ethyl Macadamiate,,E
cocamidopropyl betaine,Cocamidopropyl Betaine,61789-40-6,
sodium hyaluronate,Sodium Hyaluronate,9067-32-7,H
silybum marianum callus extract,Silybum Marianum Callus Extract,,
phyllanthus emblica fruit extract,Phyllanthus Emblica Fruit Extract,,
azadirachta indica leaf extract,Azadirachta Indica Leaf Extract,,
basic blue 99,Basic Blue 99,,
caprylic/capric triglyceride,Caprylic/Capric Triglyceride,65381-01-4,E
cupressus sempervirens seed extract,Cupressus Sempervirens Seed Extract,,
peg-4 laurate,PEG-4 Laurate,141-30-7,E
laury/myristyl polyricinoleate,Lauryl/Myristyl Polyricinoleate,,E
pinus sylvestris bud extract,Pinus Sylvestris Bud Extract,,
acetum,Acetum,,H
nigella sativa seed extract,Nigella Sativa Seed Extract,,
alpha-isomethyl lonone,Alpha-Isomethyl Ionone,127-51-5,
panax ginseng root extract,Panax Ginseng Root Extract,,
caesalpinia spinosa gum,Caesalpinia Spinosa Gum,,
punicum granatum pericarp extract,Punica Granatum Pericarp Extract,,
glycolic acid,Glycolic Acid,79-14-6,H
garcinia mangostana fruit extract,Garcinia Mangostana Fruit Extract,,
pelargonium graveolens flower oil,Pelargonium Graveolens Flower Oil,,E
butyrospermum parkii oil,Butyrospermum Parkii Butter,84585-51-8,E
ci 77266,Black 2,1317-37-9,
oryza sativa lees extract,Oryza Sativa Lees Extract,,
niacinamide,Niacinamide,98-92-0,
sodium polyacrylate,Sodium Polyacrylate,9003-04-7,
polyglyceryl-10 stearate,Polyglyceryl-10 Stearate,,E
citrus aurantium dulcis peel oil,Citrus Aurantium Dulcis Peel Oil,,E
vitamin b6,Pyridoxine HCL,58-56-0,
aqua/water,Water,7732-18-5,
behenic acid,Behenic Acid,112-85-6,E
sodium levulinate,Sodium Levulinate,5161-55-1,
equisetum arvense extract,Equisetum Arvense Extract,,
rhodiola rosea root extract,Rhodiola Rosea Root Extract,,
lecithin,Lecithin,8002-43-5,E
cetrimonium methosulfate,Cetrimonium Methosulfate,63449-41-2,
amaranthus hypochondriacus leaf extract,Amaranthus Hypochondriacus Leaf Extract,,
myristyl lactate,Myristyl Lactate,107356-61-9,E
hydrolyzed pea protein,Hydrolyzed Pea Protein,,P
polyglyceryl-6 oleate,Polyglyceryl-6 Oleate,,E
citrus limon juice,Citrus Limon Juice,,
eugenia caryophyllata flower oil,Eugenia Caryophyllata Flower Oil,,E
hydrolyzed elastin,Hydrolyzed Elastin,9001-44-0,P
peg-45m,PEG-45M,,
dipalmitoylethyl hydroxyethylmonium methosulfate,Dipalmitoylethyl Hydroxyethylmonium Methosulfate,,
isobutane,Isobutane,75-28-5,
vitis vinifera fruit extract,Vitis Vinifera Fruit Extract,,
trilaureth-4-phosphate,Trilaureth-4 Phosphate,,
aloe barbadensis leaf extract,Aloe Barbadensis Leaf Extract,,H
caprylhydroxamic acid,Caprylhydroxamic Acid,5425-20-9,
hydrolysed soy protein,Hydrolyzed Soy Protein,,P
serenoa serrulata fruit extract,Serenoa Serrulata Fruit Extract,,
xanthan gum,Xanthan Gum,11138-66-2,
caprylyl/capryl glucoside,Caprylyl/Capryl Glucoside,,
polyester-37,Polyester-37,,
peg-4,PEG-4,25322-68-3,
oryza sativa bran oil,Oryza Sativa Bran Oil,,E
imidazolidinyl urea,Imidazolidinyl Urea,39232-96-1,
retinyl palmitate,Retinyl Palmitate,79-81-2,
hedera helix extract,Hedera Helix Extract,,
lysine,Lysine,56-87-1,P
cetyl alkohol,Cetyl Alcohol,36653-82-4,E
glycosyl trehalose,Glycosyl Trehalose,,H
sillica),Silica,7631-86-9,
argan oil glycereth-8 esters,Argania Spinosa Kernel Oil Glycereth-8 Esters,,E
organic hybrid sunflower oil,Helianthus Annuus Seed Oil,8001-21-6,E
behen-trimonium,Behentrimonium Methosulfate,68424-89-8,E
glycyrrhiza glabra root extract,Glycyrrhiza Glabra (Licorice) Root Extract,,
betula alba juice,Betula Alba Juice,,H
carum carvi fruit oil,Carum Carvi Fruit Oil,,E
hydrolyzed chestnut extract,Hydrolyzed Chestnut Extract,,P
hydroxypropyl guar hydroxypropyltrymonium chloride,Hydroxypropyl Guar Hydroxypropyltrimonium Chloride,,E
lauramidopropyl betaine,Lauramidopropyl Betaine,61789-40-6,E
butane,Butane,106-97-8,
zinc pca,Zinc PCA,1115-50-1,
eucalypus cirtriodora oil,Eucalyptus Citriodora Oil,,E
peg-8 dimethicone,PEG-8 Dimethicone,,E
avena sativa flower/leaf/stem extract,Avena Sativa (Oat) Flower/Leaf/Stem Extract,,
undecane,Undecane,1120-21-4,E
oleic acid,Oleic Acid,112-80-1,E
schizandra chinensis fruit extract,Schizandra Chinensis Fruit Extract,,
hydrolyzed rice bran protein,Hydrolyzed Rice Bran Protein,,P
starch hydroxypropyltrimonium chloride,Starch Hydroxypropyltrimonium Chloride,,E
sphingolipids,Sphingolipids,,E
citrus sinensis peel oil expressed,Citrus Aurantium Dulcis (Orange) Peel Oil,,E
pyrus malus fruit extract,Pyrus Malus (Apple) Fruit Extract,,
hippophae rhamnoides extract,Hippophae Rhamnoides Fruit Extract,,
rosa canina callus lysate,Rosa Canina Callus Culture Extract,,
chamomilla recutita flower extract,Chamomilla Recutita (Matricaria) Flower Extract,,
pinus sibirica seed oil polyglyceryl-6 esters,Pinus Sibirica Seed Oil Polyglyceryl-6 Esters,,E
thymus vulgaris leaf extract,Thymus Vulgaris (Thyme) Leaf Extract,,
carrageenan,Carrageenan,,E
raphanus sativus seed oil,Raphanus Sativus (Radish) Seed Oil,,E
chlorphenesin,Chlorphenesin,59-50-7,
juglans regia leaf extract,Juglans Regia (Walnut) Leaf Extract,,
laurdimonium hydroxypropyl,Lauroyl Lactylate,1338-39-2,E
hydrolyzed wheat gluten,Hydrolyzed Wheat Gluten,,P
cetearyl olivate,Cetearyl Olivate,,E
pvp,PVP,9003-39-8,E
gossypium herbaceum extract,Gossypium Herbaceum (Cotton) Extract,,
bht,BHT,128-37-0,
polyporus umbellatus extract,Polyporus Umbellatus Extract,,
polyquaternium-11,Polyquaternium-11,,E
ricinus communis seed oil,Ricinus Communis (Castor) Seed Oil,8001-79-4,E
withania somnifera root extract,Withania Somnifera Root Extract,,
crambe abyssinica seed oil,Crambe Abyssinica Seed Oil,,E
hydrolyzed tomato skin,Hydrolyzed Tomato Extract,,P
2 phenoxyethanol,Phenoxyethanol,122-99-6,
behentimonium methosulfate,Behentrimonium Methosulfate,68424-89-8,E
cetearyl alkohol,Cetearyl Alcohol,67762-27-0,E
phenylpropanol,Phenylpropanol,616-43-7,
propylene glycol,Propylene Glycol,57-55-6,H
plantago lanceolata leaf extract,Plantago Lanceolata Leaf Extract,,
polyglyceryl-6 palmitate/succinate,Polyglyceryl-6 Palmitate/Succinate,,E
citronellol,Citronellol,106-22-9,
phytosterols,Phytosterols,,E
canola oil,Canola Oil,8002-15-9,E
cynara scolymus leaf extract,Cynara Scolymus Leaf Extract,,
propanediol,Propanediol,57-55-6,H
adansonia digitate fruit extract,Adansonia Digitata Fruit Extract,,
levulinic acid,Levulinic Acid,123-76-2,
basic red 76,Basic Red 76,41970-59-8,
magnesium aluminum silicate,Magnesium Aluminum Silicate,1344-61-8,
phosphorous acid,Phosphorous Acid,10025-87-3,
stearalkonium chloride,Stearalkonium Chloride,61789-14-7,E
kappaphycus alvarezii extract,Kappaphycus Alvarezii Extract,,
ribes grossularia fruit extract,Ribes Grossularia Fruit Extract,,
alcohol denatmyristyl alcohol,"Alcohol Denat, Myristyl Alcohol",112-02-1,E
beta-sitosterol,Beta-Sitosterol,83-46-5,E
sophora japonica flower extract,Sophora Japonica Flower Extract,,
phytosphingosine,Phytosphingosine,85327-95-5,
cinnamomum zeylanicum leaf oil,Cinnamomum Zeylanicum Leaf Oil,8007-73-1,E
sodium cocoyl glutamate,Sodium Cocoyl Glutamate,68983-92-9,
pelargonium graveolens oil,Pelargonium Graveolens Oil,8007-73-1,E
lycium barbarum fruit extract,Lycium Barbarum Fruit Extract,,
citrus grandis fruit extract,Citrus Grandis Fruit Extract,,
diethylamino hydroxybenzoyl hexyl benzoate,Diethylamino Hydroxybenzoyl Hexyl Benzoate,170390-78-8,
polyquaternium,Polyquaternium-10,68583-13-2,
althaea officinalis root extract,Althaea Officinalis Root Extract,,
piper nigrum extract,Piper Nigrum Extract,,
wheat amino acids,Hydrolyzed Wheat Protein,,P
camellia japonica seed oil,Camellia Japonica Seed Oil,8024-32-0,E
biotyn,Biotin,58-85-5,
carica papaya fruit extract,Carica Papaya Fruit Extract,,
hylocereus undatus fruit extract,Hylocereus Undatus Fruit Extract,,
potassium hydroxide,Potassium Hydroxide,1310-58-3,
hexyl cinnamal,Hexyl Cinnamal,101-86-0,
tridecane,Tridecane,2425-77-6,E
organic aloe vera,Aloe Barbadensis Leaf Extract,,H
cyclopentasiloxane,Cyclopentasiloxane,541-02-6,E
behenyl alcohol,Behenyl Alcohol,3010-41-3,E
glyceryl laurate,Glyceryl Laurate,10555-43-2,E
coconut alkanes,Coco-Alkanes,,E
proline,Proline,147-85-3,P
orbignya oleifera seed oil,Orbignya Oleifera Seed Oil,,E
oryza sativa starch / rice starch,Oryza Sativa Starch,9005-25-8,
lysine hcl,Lysine HCL,657-27-2,P
polyglyceryl-3 pca,Polyglyceryl-3 PCA,,H
bertholletia excelsa seed oil,Bertholletia Excelsa Seed Oil,,E
salix alba bark extract,Salix Alba (Willow) Bark Extract,,
aqua/water/eau,Water,7732-18-5,
hydroxypropylammonium gluconate,Hydroxypropyl Ammonium Gluconate,29050-68-1,
lactobacillus/rice ferment filtrate,Lactobacillus/Rice Ferment Filtrate,,
ginkgo biloba leaf extract,Ginkgo Biloba Leaf Extract,,
polysorbate 20,Polysorbate 20,9005-64-5,E
ceramide ng,Ceramide NG,,E
humulus lupulus extract,Humulus Lupulus Extract,,
juglans regia seed oil,Juglans Regia Seed Oil,,E
babassu oil polyglyceryl-4 esters,Babassu Oil Polyglyceryl-4 Esters,,E
benzyl salicylate,Benzyl Salicylate,118-58-1,
theobroma cacao seed extract,Theobroma Cacao Seed Extract,,
sodium phytate,Sodium Phytate,834-03-8,
etidronic acid,Etidronic Acid,2809-21-4,
acetic acid,Acetic Acid,64-19-7,
euterpe oleracea fruit extract,Euterpe Oleracea Fruit Extract,,
parfum / fragrance,Parfum,,
potassium cetyl phosphate,Potassium Cetyl Phosphate,,
glucose,Glucose,50-99-7,H
tilia cordata flower extract,Tilia Cordata Flower Extract,,
milk protein,Milk Protein,,P
lauric acid,Lauric Acid,143-07-7,E
ficus carica fruit extract,Ficus Carica Fruit Extract,,
lauryl/myristyl polyricinoleate,Lauryl/Myristyl Polyricinoleate,,E
isopropyl alcohol,Isopropyl Alcohol,67-63-0,
hydroxyethylcellulose,Hydroxyethylcellulose,9004-62-0,
saccharide isomerate,Saccharide Isomerate,,H
astrocaryum murumuru seed butter,Astrocaryum Murumuru Seed Butter,,E
hydrolyzed wheat protein,Hydrolyzed Wheat Protein,,P
hydrogenated palm glycerides citrate,Hydrogenated Palm Glycerides Citrate,,E
peg-5 cocomonium methosulfate,PEG-5 Cocomonium Methosulfate,,
euterpe oleracea fruit oil,Euterpe Oleracea Fruit Oil,,E
hydroxypropylgluconamide,Hydroxypropyl Gluconamide,,H
alcohol,Alcohol,,
jojoba oil,Simmondsia Chinensis Seed Oil,8008-65-5,E
lecithin,Lecithin,8002-43-5,E
calendula officinalis flower oil,Calendula Officinalis Flower Oil,,E
potassium sorbate,Potassium Sorbate,24634-61-1,
royal jelly extract,Royal Jelly Extract,,
ceramide ap,Ceramide AP,,E
lactobacillus/arundinaria gigantea leaf ferment filtrate,Lactobacillus/Arundinaria Gigantea Leaf Ferment Filtrate,,
oleth-12,Oleth-12,,E
rose essential oil,Rosa Damascena Flower Oil,,E
urea,Urea,57-13-6,H
glycine soja germ extract,Glycine Soja Germ Extract,,
equisetum arvense leaf extract,Equisetum Arvense Leaf Extract,,
butyrospernum parkii oil,Butyrospermum Parkii Butter,84585-53-2,E
trideceth-6,Trideceth-6,,E
caprylic/ capric/ succinic triglyceride,Caprylic/Capric/Succinic Triglyceride,,E
polyquaternium 32,Polyquaternium-32,,
cannabis sativa seed oil,Cannabis Sativa Seed Oil,,E
laminaria saccharina extract,Laminaria Saccharina Extract,,
caprylic/capric triglyceryde,Caprylic/Capric Triglyceride,,E
musa sapientum extract,Musa Sapientum Fruit Extract,,
glyceryl oleate citrate,Glyceryl Oleate Citrate,,E
zinc citrate,Zinc Citrate,546-46-3,
tocopherol acetate,Tocopherol Acetate,7696-90-2,E
creatine,Creatine,57-00-1,P
hydrogenated ethylhexyl olivate,Hydrogenated Ethylhexyl Olivate,61788-89-1,E
paeonia lactiflora root extract,Paeonia Lactiflora Root Extract,,
pinus sibirica seed oil,Pinus Sibirica Seed Oil,,E
biotin,Biotin,58-85-5,P
rubus idaeus seed oil,Rubus Idaeus Seed Oil,,E
sodium hydroxide,Sodium Hydroxide,1310-73-2,
hydrogenated castor oil/sebacic acid copolymer,Hydrogenated Castor Oil/Sebacic Acid Copolymer,,E
cetraria islandica extract,Cetraria Islandica Extract,,
hibiscus sabdariffa flower extract,Hibiscus Sabdariffa Flower Extract,,
urtica dioica extract,Urtica Dioica Extract,,
citrus bergamia peel oil expressed,Citrus Bergamia Peel Oil Expressed,,E
behentrimonium methosulfate,Behentrimonium Methosulfate,61789-41-6,
elaeis guineensis oil,Elaeis Guineensis Oil,,E
paullinia cupana seed extract,Paulinia Cupana Seed Extract,,
pseudozyma epicola/camellia sinensis seed oil ferment extract filtrate,Pseudozyma Epicola/Camellia Sinensis Seed Oil Ferment Extract Filtrate,,
ethyl linoleate,Ethyl Linoleate,112-63-0,E
phospholipids,Phospholipids,,
raphanus sativus root extract,Raphanus Sativus Root Extract,,
soja germ extract,Soja Germ Extract,,
prunus amygdalus dulcis oil,Prunus Amygdalus Dulcis Oil,8008-65-8,E
linseed extract,Linseed Extract,,
mel,Mel,8013-73-1,
c12-13 pareth-23,C12-13 Pareth-23,,E
pyridoxine hcl,Pyridoxine HCl,58-56-0,
coffea canephora seed extract,Coffea Canephora Seed Extract,,
citrus nobilis fruit extract,Citrus Nobilis Fruit Extract,,
lepidium meyenii root extract,Lepidium Meyenii Root Extract,,
panicum miliaceum seed extract,Panicum Miliaceum Seed Extract,,
polyethylene glycol stearate,PEG-Stearate,,E
rosa damascena oil,Rosa Damascena Oil,,E
curcuma longa callus conditioned media,Curcuma Longa Callus Conditioned Media,,
cyclotetrasiloxane,Cyclotetrasiloxane,556-67-2,E
rosmarinus officinalis oil,Rosmarinus Officinalis Oil,,E
polysilicone-15,Polysilicone-15,,E
hexyl nicotinate,Hexyl Nicotinate,111-21-1,
macadamia integrifolia seed oil,Macadamia Integrifolia Seed Oil,,E
histidine phenylalanine,Histidine Phenylalanine,,P
mangifera indica seed butter,Mangifera Indica Seed Butter,,E
brassicyl isoleucinate esylate,Brassicyl Isoleucinate Esylate,,
gardenia taitensis flower extract,Gardenia Taitensis Flower Extract,,
pogostemon cablin oil,Pogostemon Cablin Oil,,E
avena sativa leaf/stalk extract,Avena Sativa Leaf/Stalk Extract,,
arctium lappa phenoxyethanol,"Arctium Lappa Extract, Phenoxyethanol",122-99-6,
guar hydroxypropyltrimonium chloride,Guar Hydroxypropyltrimonium Chloride,,
primula veris extract,Primula Veris Extract,,
peg-4 dilaurate,PEG-4 Dilaurate,,E
triethyl citrate,Triethyl Citrate,77-93-0,E
rosmarinus officinalis leaf oil,Rosmarinus Officinalis Leaf Oil,,E
valine,Valine,72-18-4,P
hydroxypropyl guar,Hydroxypropyl Guar,,
coconut cream,Cocos Nucifera (Coconut) Oil,,E
brassica campestris seed oil,Brassica Campestris (Rapeseed) Seed Oil,,E
adansonia digitata seed oil,Adansonia Digitata Seed Oil,,E
iodopropynyl butylcarbamate,Iodopropynyl Butylcarbamate,55406-53-6,
piroctone olamine,Piroctone Olamine,10157-12-6,
hydroliyzed wheat bran,Hydrolyzed Wheat Bran,,P
quaternium-80,Quaternium-80,,
citrus aurantium bergamia fruit extract,Citrus Aurantium Bergamia Fruit Extract,,
collagen,Collagen,,P
beta vulgaris root extract,Beta Vulgaris (Beetroot) Root Extract,,
lawsonia inermis extract,Lawsonia Inermis (Henna) Extract,,
hydrolyzed keratin,Hydrolyzed Keratin,,P
trifolium pratense flower extract,Trifolium Pratense (Clover) Flower Extract,,
caprylyl glycol,Caprylyl Glycol,106-65-0,
quaternium-91,Quaternium-91,,
citrus aurantium amara flower extract,Citrus Aurantium Amara (Bitter Orange) Flower Extract,,
arginine hcl,Arginine HCl,1119-34-2,P
astragalus gummifer gum,Astragalus Gummifer Gum,,
phenethyl alcohol,Phenethyl Alcohol,60-12-8,
lavandula angustifolia flower extract,Lavandula Angustifolia (Lavender) Flower Extract,,
phytic acid,Phytic Acid,83-86-3,H
arctium lappa root extract,Arctium Lappa Root Extract,,
adansonia digitata oil,Adansonia Digitata Seed Oil,,E
plukenetia volubilis seed oil,Plukenetia Volubilis Seed Oil,,E
nasturtium officinale extract,Nasturtium Officinale Extract,,
hydrolyzed rice protein,Hydrolyzed Rice Protein,,P
hydroxypropyl starch phosphate,Hydroxypropyl Starch Phosphate,,
grape seed oil,Vitis Vinifera (Grape) Seed Oil,,E
amylodextrin,Amylodextrin,,
caramel,Caramel,,
citrus tangerina peel oil,Citrus Tangerina Peel Oil,,E
fucus vesiculosus extract,Fucus Vesiculosus Extract,,
pisum sativum seed extract,Pisum Sativum (Pea) Extract,,
pelvetia canaliculata extract,Pelvetia Canaliculata Extract,,
beta-glucan,Beta-Glucan,,H
shea butter ethyl esters,Butyrospermum Parkii (Shea Butter) Ethyl Esters,,E
pumpkin seed oil polyglyceryl-4 esters,Cucurbita Pepo (Pumpkin) Seed Oil Polyglyceryl-4 Esters,,E
ascorbic acid,Ascorbic Acid,50-81-7,
aqua polyglyceryl-3-methylglucose distearate,Polyglyceryl-3 Methylglucose Distearate,,E
citric acid,Citric Acid,77-92-9,
vitis vinifera seed oil,Vitis Vinifera (Grape) Seed Oil,,E
sodium citrate,Sodium Citrate,68-04-2,
undecylenic acid,Undecylenic Acid,112-38-9,
parfum fragrance,Parfum (Fragrance),,
citral,Citral,5392-40-5,
silybum marianum seed extract,Silybum Marianum (Milk Thistle) Seed Extract,,
natural fragrance,Parfum (Fragrance),,
glyceryl stearate,Glyceryl Stearate,531-77-0,E
hydrolyzed corn starch,Hydrolyzed Corn Starch,,
neopentyl glycol diheptanoate,Neopentyl Glycol Diheptanoate,77610-77-8,E
isopropyl palmitate,Isopropyl Palmitate,1112-82-5,E
fragrance/parfum,Parfum,,
cedrus atlantica wood extract,Cedrus Atlantica Wood Extract,,
hydrogenated soybean oil,Hydrogenated Soybean Oil,8002-21-8,E
hydrolyzed lupine seed extract,Hydrolyzed Lupine Seed Extract,,P
sodium acetate,Sodium Acetate,127-09-3,
behen-trimonium chloride,Behenyl Trimonium Chloride,61789-38-7,
water,Water,7732-18-5,
macadamia ternifolia seed oil,Macadamia Ternifolia Seed Oil,8001-17-1,E
glyceryl linolenate,Glyceryl Linolenate,25496-72-4,E
arginine ferulate,Arginine Ferulate,,
cetostearyl alcohol,Cetearyl Alcohol,67762-27-0,E
sodium phosphate,Sodium Phosphate,7558-79-4,
argania spinosa oil/argania spinosa kernel oil,Argania Spinosa Kernel Oil,84601-17-7,E
hc red no. 3,CI 17200,,
hydrolyzed oats,Hydrolyzed Oats,,P
ganoderma lucidum extract,Ganoderma Lucidum Extract,,
hydrolyzed soy protein,Hydrolyzed Soy Protein,,P
peg-40 hydrogenated castrol oil,PEG-40 Hydrogenated Castor Oil,61789-51-4,E
triperalgonin,Triperalgonin,123-99-9,E
glyceryl linoleate,Glyceryl Linoleate,25496-70-2,E
leuconostoc/radish root ferment filtrate,Leuconostoc/Radish Root Ferment Filtrate,,H
pantolactone,Pantolactone,77-47-4,
ci 42090,CI 42090,,
ethyl oleate,Ethyl Oleate,111-62-6,E
caprylic /capric triglyceride,Caprylic/Capric Triglyceride,65381-11-2,E
hydrolyzed silk,Hydrolyzed Silk,,P
mangifera indica fruit extract,Mangifera Indica Fruit Extract,,
melaleuca alternifolia leaf oil,Melaleuca Alternifolia Leaf Oil,8000-47-1,
mentha arvensis herb oil,Mentha Arvensis Herb Oil,8006-90-4,
citrus aurantium amara peel water,Citrus Aurantium Amara Peel Water,,
sodium anisate,Sodium Anisate,539-13-6,
shorea stenoptera seed butter,Shorea Stenoptera Seed Butter,,E
lilium candidum flower extract,Lilium Candidum Flower Extract,,
panthenol,Panthenol,81-13-0,H
hydroxyethylcelulose,Hydroxyethylcellulose,9004-62-0,
linalool,Linalool,78-70-6,
lamium album extract,Lamium Album Extract,,
hydrogenated ethylhexyl olivate,Hydrogenated Ethylhexyl Olivate,,E
hydrolyzed rice protein,Hydrolyzed Rice Protein,,P
phenylalanine,Phenylalanine,63-91-2,P
trisodium ethylenediamine disuccinate,Trisodium Ethylenediamine Disuccinate,141-01-1,
bis-(isostearoyl/oleoyl isopropyl) dimonium methosulfate,Bis-(Isostearoyl/Oleoyl Isopropyl) Dimonium Methosulfate,,
arginine,Arginine,74-79-3,P
aesculus hippocastanum extract,Aesculus Hippocastanum Extract,,
gluconolactone,Gluconolactone,90-80-2,
coco-caprylate,Coco-Caprylate,61790-12-3,E
ci 15985,CI 15985,,
mentha arvensis oil,Mentha Arvensis Oil,8006-90-4,
papaver somniferum seed oil,Papaver Somniferum Seed Oil,8008-36-6,E
argania spinosa kernel extract,Argania Spinosa Kernel Oil,,E
malva sylvestris flower extract,Malva Sylvestris Flower Extract,,
sodium gluconate,Sodium Gluconate,527-07-1,
cera alba,Cera Alba,8006-41-6,E
sclerocarya birrea seed oil,Sclerocarya Birrea Seed Oil,,E
disperse black 9,Disperse Black 9,,
glyceryl stearate se,Glyceryl Stearate SE,,E
ceramide eop,Ceramide EOP,,E
melissa officinalis leaf extract,Melissa Officinalis Leaf Extract,,
helianthus annuus seed extract,Helianthus Annuus Seed Oil,8007-34-9,E
soy amino acids,Soy Amino Acids,,P
diheptyl succinate,Diheptyl Succinate,123-62-6,E
simmondsia chinensis seed oil,Simmondsia Chinensis Seed Oil,8024-22-4,E
behenamidopropyl dimethylamine,Behenamidopropyl Dimethylamine,68608-34-7,
trideceth-10,Trideceth-10,68455-50-7,E
geum urbanum root extract,Geum Urbanum Root Extract,,
rubus villosus fruit extract,Rubus Villosus Fruit Extract,,
palmitic acid,Palmitic Acid,57-10-3,E
ahnfeltiopsis concinna extract,Ahnfeltiopsis Concinna Extract,,
citrus aurantium dulcis flower extract,Citrus Aurantium Dulcis Flower Extract,,
pinus sylvestris bud water,Pinus Sylvestris Bud Extract,,H
cucurbita pepo seed oil,Cucurbita Pepo Seed Oil,8008-65-1,E
trehalose,Trehalose,99-20-7,H
zinc sulfite,Zinc Sulfite,13450-86-5,
sodium polyaspartate,Sodium Polyaspartate,26081-62-8,
octyldodecyl ricinoleate,Octyldodecyl Ricinoleate,67701-30-7,E
cyamopsis tetragonoloba gum,Cyamopsis Tetragonoloba Gum,9000-30-0,
avena sativa bran extract,Avena Sativa Bran Extract,,
behentrymonium chloride,Behentrimonium Chloride,63449-41-2,
c12-15 alkyl benzoate,C12-15 Alkyl Benzoate,68515-52-1,E
disodium edta,Disodium EDTA,60-00-4,
hydroxypropyltrimonium hyaluronate,Hydroxypropyltrimonium Hyaluronate,,H
hydrolyzed vegetable protein pg-propyl silanetriol,Hydrolyzed Vegetable Protein PG-Propyl Silanetriol,,P
glyceryl monostearate,Glyceryl Monostearate,31566-31-1,E
peg-40 hydrogenated castor oil,PEG-40 Hydrogenated Castor Oil,61788-81-2,E
c13-15 alkane,C13-15 Alkane,68554-42-9,E
c10-40 isoalkylamidopropylethyldimonium ethosulfate,C10-40 Isoalkylamidopropylethyldimonium Ethosulfate,,
lactobacillus ferment,Lactobacillus Ferment,,
pca hydroxypropyl guar hydroxypropyltrimonium chloride,PCA Hydroxypropyl Guar Hydroxypropyltrimonium Chloride,,
laurdimonium hydroxypropyl hydrolyzed keratin,Laurdimonium Hydroxypropyl Hydrolyzed Keratin,,P
vetiveria zizanoides root oil,Vetiveria Zizanoides Root Oil,8007-20-1,E
salicylic acid,Salicylic Acid,69-72-7,
royal jelly,Royal Jelly,,
isododecane,Isododecane,25550-14-5,E
tilia europaea flower extract,Tilia Europaea Flower Extract,,
sorbitol,Sorbitol,50-70-4,H
chamomilla recutita oil,Chamomilla Recutita Oil,8003-35-0,E
pca ethyl cocoyl arginate,PCA Ethyl Cocoyl Arginate,,
litsea cubeba oil,Litsea Cubeba Fruit Oil,8007-65-8,E
sodium pca,Sodium PCA,137-05-3,H
kaolin,Kaolin,1332-58-7,
linseed acid,Linoleic Acid,60-33-3,E
verbena officinalis extract,Verbena Officinalis Extract,,
maltodextrin,Maltodextrin,9004-53-9,
moringa oleifera seed oil,Moringa Oleifera Seed Oil,8024-22-4,E
scutellaria baicalensis root extract,Scutellaria Baicalensis Root Extract,,
cysteine,Cysteine,52-90-4,P
ethylhexyl isononanoate,Ethylhexyl Isononanoate,26515-41-7,E
brassica alcohol,Brassica Alcohol,,E
thymus serpyllum herb water,Thymus Serpyllum Herb Water,,
gardenia tahitensis flower,Gardenia Tahitensis Flower Extract,,
aqua / water,Water,7732-18-5,
ppg-26-buteth-26,PPG-26-Buteth-26,,
dextrin,Dextrin,9004-53-9,
hydroxypropyltrimonium chloride,Hydroxypropyltrimonium Chloride,,
divinyldimethicone/dimethicone copolymer,Divinyldimethicone/Dimethicone Copolymer,,
aloe barbadensis leaf juice,Aloe Barbadensis Leaf Juice,,H
oryza sativa seed protein,Oryza Sativa Seed Protein,,P
argania spinosa kernel oil,Argania Spinosa Kernel Oil,84660-20-2,E
dimethicone,Dimethicone,9016-00-6,E
glycine soja oil,Glycine Soja Oil,8001-22-7,E
polyglyceryl- 3 pca,Polyglyceryl-3 PCA,,H
rubus idaeus leaf extract,Rubus Idaeus Leaf Extract,,
nigella sativa seed oil,Nigella Sativa Seed Oil,8008-08-3,E
eucalyptus globulus leaf oil,Eucalyptus Globulus Leaf Oil,,
salvia officinalis leaf extract,Salvia Officinalis Leaf Extract,,
sodium choride,Sodium Chloride,7647-14-5,
pyrus communis fruit extract,Pyrus Communis Fruit Extract,,
hydroxypropyl cyclodextrin,Hydroxypropyl Cyclodextrin,128446-35-5,
euphorbia cerifera wax,Euphorbia Cerifera Cera,8015-85-8,E
coconut oil glycereth-8 esters,Coconut Oil Glycereth-8 Esters,,E
polyglyceryl-3 betainate acetate,Polyglyceryl-3 Betaine Acetate,,
sodium alginate,Sodium Alginate,9005-38-3,
basic brown 16,Basic Brown 16,,
acorus calamus rhizome water,Acorus Calamus Rhizome Water,,
hydrolyzed hyaluronic acid,Hydrolyzed Hyaluronic Acid,,H
ci 42051,CI 42051,,
carthamus tinctorius seed oil,Carthamus Tinctorius Seed Oil,8001-23-8,E
dicaprylyl ether,Dicaprylyl Ether,106301-50-9,E
basic yellow 57,Basic Yellow 57,,
lavandula hybrida oil,Lavandula Hybrida Oil,,
anhydroxylitol,Anhydroxylitol,6043-97-7,H
aloe barbadensis leaf juice powder,Aloe Barbadensis Leaf Juice Powder,,H
inositol,Inositol,87-89-8,H
helianthus annus seed oil,Helianthus Annuus Seed Oil,8001-21-6,E
paraffinum liquidum,Paraffinum Liquidum,8012-95-1,E
cannabis sativa leaf/stem water,Cannabis Sativa Leaf/Stem Water,,
disodium phosphate,Disodium Phosphate,7558-79-4,
distearoylethyl hydroxyethylmonium methosulfate,Distearoylethyl Hydroxyethylmonium Methosulfate,,
stearic acid,Stearic Acid,57-11-4,E
punica granatum seed oil,Punica Granatum Seed Oil,,E
laurdimonium hydroxypropyl hydrolyzed wheat protein,Laurdimonium Hydroxypropyl Hydrolyzed Wheat Protein,,P
hydrolyzed jojoba esters,Hydrolyzed Jojoba Esters,,E
rubus idaeus fruit extract,Rubus Idaeus Fruit Extract,,
glyearyl oleate,Glyceryl Oleate,,E
tyrosine,Tyrosine,60-18-4,P
cetearyl alcohol,Cetearyl Alcohol,67762-27-0,E
silicone quaternium-18,Quaternium-18 Silicone,,
aqua water eau,Aqua,7732-18-5,
ascorbyl glucoside,Ascorbyl Glucoside,112665-58-1,
ethylhexyl stearate,Ethylhexyl Stearate,111-60-4,E
linum usitatissimum seed oil,Linum Usitatissimum Seed Oil,,E
ethylhexyl methoxycinnamate,Ethylhexyl Methoxycinnamate,5466-77-3,
porphyra umbilicalis extract,Porphyra Umbilicalis Extract,,
laureth-7,Laureth-7,,
saccharomyces lysate,Saccharomyces Lysate,,
silk amino acids,Silk Amino Acids,,P
sodium lauryl sulfoacetate,Sodium Lauryl Sulfoacetate,,
rosa canina seed oil,Rosa Canina Seed Oil,,E
sodium surfactin,Sodium Surfactin,,
punica granatum peel extract,Punica Granatum Peel Extract,,
pinus sibirica needle extract,Pinus Sibirica Needle Extract,,
palmitamidopropyltrimonium chloride,Palmitamidopropyltrimonium Chloride,68551-11-8,P
brassicyl valinate esylate,Brassicyl Valinate Esylate,,
1067914 ps aqua / water / eau,Aqua,7732-18-5,
casein,Casein,9000-71-9,P
ci 77007,Ultramarines,1344-00-9,
menthyl lactate,Menthyl Lactate,57449-71-1,
ginseng root extract,Panax Ginseng Root Extract,,
isostearyl alcohol,Isostearyl Alcohol,26517-84-8,E
zea mays starch,Zea Mays Starch,9005-25-8,
leucine,Leucine,61-90-5,P
dimethicone peg-7 isostearate,Dimethicone Peg-7 Isostearate,,E
saccharomyces/rice ferment filtrate,Saccharomyces/Rice Ferment Filtrate,,
oryza sativa extract,Oryza Sativa Extract,,
epilobium angustifolium flower/leaf/stem extract,Epilobium Angustifolium Flower/Leaf/Stem Extract,,
lavandula angustifolia flower water,Lavandula Angustifolia Flower Water,,H
cironellol,Citronellol,106-22-9,
vanilla planifolia fruit extract,Vanilla Planifolia Fruit Extract,,
vitamins complex,Vitamins Complex,,
ananas sativus fruit extract,Ananas Sativus Fruit Extract,,
apigenin,Apigenin,520-36-5,
1.3-butylene glycol,Butylene Glycol,107-88-0,H
keratin,Keratin,9000-71-9,P
arctium majus root extract,Arctium Majus Root Extract,,
geraniol,Geraniol,106-24-1,
montmorillonite cocamidopropyl betaine,Montmorillonite,1318-93-0,
parfum da agricoltura biologica senza allergeni,Parfum,,
c11-15 pareth-7,C11-15 Pareth-7,,
polyquaternium-7,Polyquaternium-7,,
polyquaternium-10,Polyquaternium-10,,
faex extract,Faex Extract,,
cistus incanus flower/leaf/stem extract,Cistus Incanus Flower/Leaf/Stem Extract,,
olive fruit oil,Olea Europaea (Olive) Fruit Oil,8001-25-1,E
backhousia citriodora leaf extract,Backhousia Citriodora Leaf Extract,,
punica granatum fruit extract,Punica Granatum Fruit Extract,,
crambe abyssinica seed oil phytosterol esters,Crambe Abyssinica Seed Oil Phytosterol Esters,,E
